cst_id,cst_firstname,cst_lastname,cst_email,cst_phone,cst_create_date,segment_id
1,Kyle,Reeves,meghan01@hart-martin.com,(445)892-3904x8012,22-02-2025,2
2,Barbara,Smith,howardbenjamin@yahoo.com,(633)761-4354x7708,26-11-2020,
3,Brenda,Newton,opayne@gmail.com,(802)730-2208,17-04-2024,4
4,Brian,Brown,,INVALID,05-01-2024,
5,Jennifer,Adams,clarkjulie@yahoo.com,(256)199-3395,19-07-2023,1
6,Daniel,Smith,cynthia50@smith-bright.org,+1-221-609-9568x03347,27-05-2024,3
7,Richard,Garner,adamsbrett@hotmail.com,(478)876-5348,24-07-2023,2
8,Jonathan,Brown,wallen@hotmail.com,892-907-5299,22-05-2025,2
9,Zachary,Romero,ericwilliams@hotmail.com,655764297,13-06-2021,4
10,megan,Woodard,powelllisa@sutton.info,077.061.3435,25-06-2025,2
11,Barry,Keller,laura54@yahoo.com,001-414-560-1480x53712,02-11-2024,
12,Lisa,Daniels,justinwhite@yahoo.com,INVALID,24-10-2023,
13,Jamie,Martinez,davidwilliams@lopez-barnett.biz,INVALID,08-06-2021,
14,John,Hartman,emmafrederick@stephens.com,674-887-3870x8855,17-09-2020,3
15,Michael,York,jamespham@duncan.com,946.333.3212x117,02-10-2024,4
16,Danielle,Anderson,,6224258420,20-08-2020,4
17,Jessica,Farmer,brittanymartin@rivera.org,526-006-6823,08-09-2022,3
18,paula,Potts,bergersteven@yahoo.com,001-034-364-9940,23-11-2020,3
19,Nicole,Johnson,kellynichols@wright.org,001-984-571-0353x94128,15-11-2021,1
20,sarah,Bridges,caleb25@keller-jordan.net,(872)502-4839x81338,23-08-2024,
21,James,Adams,suzanne42@hotmail.com,7759116570,18-10-2021,
22,Lisa,Hatfield,scottangela@gmail.com,980-848-9769,12-05-2023,
23,Christopher,Lopez,ehunt@rogers.net,081-005-6765x88696,03-06-2023,
24,Michelle,Galloway,jpayne@carey.info,001-916-703-5690,12-01-2025,1
25,charlotte,Webster,hartashley@yahoo.com,464.408.6500,02-07-2025,1
26,alicia,Miles,,001-868-649-8224,04-06-2022,1
27,Leslie,Archer,hickmanshawn@hotmail.com,(435)390-1460,21-01-2024,1
28,Christine,Robinson,kristin88@lee.net,9023236845,26-03-2023,
29,Lee,Ward,ablake@snyder.biz,791-701-8047,10-04-2024,
30,James,Fritz,james34@yahoo.com,+1-202-451-0771x873,01-06-2022,
31,david,Ward,barbertaylor@gomez.org,6367134212,17-08-2021,3
32,Kelly,Munoz,harrisonjill@yahoo.com,232-477-7178x3180,13-06-2025,4
33,Danielle,Davis,derekrobles@yahoo.com,INVALID,19-10-2022,2
34,adam,Clay,phorton@gmail.com,159-984-8129x7522,12-05-2021,
35,Joseph,Smith,clarkbrittany@garrett.com,178.238.4320x137,28-10-2022,1
36,Courtney,Medina,wheelerbrooke@gmail.com,001-923-517-0396,14-03-2021,
37,Scott,Mata,connorshaw@jones.net,001-161-321-3829,23-06-2021,2
38,Michael,Andrews,,(848)500-9371x83695,19-02-2022,3
39,Christina,Barnett,griffinjoseph@hoffman.info,(882)912-4084,18-06-2023,2
40,Jeffrey,White,brian39@key.net,001-869-322-5777x001,19-11-2020,1
41,William,Newman,zhanson@gmail.com,-9976,0000-00-00,1
42,Stephanie,Woods,walterruiz@hotmail.com,523.301.2273x470,28-07-2023,
43,tammy,Franklin,coxkevin@mcdowell.com,001-862-660-9810x375,02-10-2020,
44,Brandon,Hudson,achang@gmail.com,746-987-8753,19-05-2022,4
45,Amanda,Dawson,fvillanueva@hernandez-parker.org,805.534.5197,09-04-2021,
46,Anthony,Ramos,williamcastillo@alvarez.com,(584)020-3027x6956,18-12-2024,3
47,Kevin,Mcintyre,lindsay95@yahoo.com,3068959330,03-07-2024,3
48,Gregory,Wilson,andersonkara@yahoo.com,842.561.9897,22-05-2021,2
49,Christine,Smith,murphyvalerie@hotmail.com,313-662-1017x6133,15-12-2022,3
50,mary,Ross,karen41@gmail.com,992-422-0396x7130,28-08-2022,4
51,Colton,Cook,jim52@gmail.com,INVALID,10-07-2020,3
52,Kimberly,Parker,ijohnson@yahoo.com,047.037.7281x04439,09-07-2020,
53,Debra,Jacobs,frederickjesse@carroll.com,+1-312-197-6008x678,07-01-2024,
54,Erin,Calhoun,jeremysanford@pierce-ward.biz,INVALID,08-02-2021,3
55,mark,Lawrence,williamsonronald@yahoo.com,637.088.4052x799,26-07-2023,
56,Kelsey,Rocha,gonzalesgregory@gmail.com,001-866-192-3774x87452,05-02-2023,
57,Nicole,Leonard,jenniferhall@hughes.com,001-543-050-1294x521,23-07-2022,4
58,Thomas,Robinson,davidrichardson@ruiz-patrick.com,661-072-9605,16-10-2020,
59,Erin,Harris,bautistaalbert@hotmail.com,+1-997-946-8648x9927,04-05-2021,3
60,Lynn,Gonzalez,xgardner@villanueva-chandler.biz,(277)743-0116x27595,15-11-2020,4
61,Kimberly,Ramos,amanda07@perez.net,645-746-2879,28-07-2021,2
62,Kimberly,Cooper,lance86@yahoo.com,800-484-3054,30-09-2021,
63,Scott,Wagner,alan85@powell.biz,166-635-9450x862,18-02-2024,3
64,Edward,Bryant,andersonsteven@yahoo.com,001-967-777-5973x113,20-08-2024,4
65,Cheryl,Woods,jerrymullins@johnson.com,(002)568-2896x75547,03-12-2023,3
66,Richard,Montgomery,matthew67@bowman.com,+1-631-351-3149x0250,10-02-2022,
67,Nicolas,Sweeney,robertskelly@porter-leon.com,+1-686-236-6805x231,12-08-2022,3
68,Mary,Wheeler,nryan@ball-morton.com,895-227-2330,0000-00-00,
69,Jesus,Chung,jgarcia@gmail.com,512.498.3155x044,11-10-2020,2
70,Heather,Andrade,,001-404-753-2175,21-09-2022,
71,Robert,Conley,tammyharrison@gmail.com,(463)754-3319,06-09-2022,1
72,Noah,Gordon,tyler12@yahoo.com,609.206.6686,05-07-2024,
73,Jacqueline,Vang,garciaemily@yahoo.com,405.172.6266x429,11-12-2021,1
74,Eric,Miller,matthewthomas@nelson-roth.com,1837324151,08-09-2020,2
75,Jesse,Wong,qjones@rasmussen.com,(383)467-1567,26-03-2025,2
76,Elizabeth,Sexton,martineznicholas@lynn.biz,+1-624-128-9307x2476,01-02-2024,1
77,Andre,Harrison,amy79@hotmail.com,(678)365-3446,05-03-2023,4
78,Ryan,Lopez,btorres@gmail.com,+1-193-788-8942x3912,05-04-2021,
79,michael,Bowman,amy41@hotmail.com,(527)995-3571x031,08-07-2025,4
80,Annette,King,awallace@thompson-deleon.com,972-703-7651x3516,05-07-2021,
81,Ryan,Duran,laurieturner@gmail.com,510161260,12-12-2022,
82,Brenda,Brown,ubarber@yahoo.com,(347)459-7507,12-05-2023,1
83,Andrew,Gomez,chelsea95@yahoo.com,001-765-221-9702x82635,12-05-2024,2
84,Erin,Lynch,nicholsonalejandro@vasquez.com,+1-144-062-8200x87642,03-01-2023,3
85,Brandy,Nicholson,benjamin55@garcia-cooper.com,5780472217,11-02-2025,
86,Lori,Delacruz,sarahvasquez@morgan-bass.com,8463706853,11-08-2021,
87,Paula,Long,zmoreno@smith.com,001-648-468-5519x71776,05-07-2022,2
88,Stephanie,Dillon,kerribrown@yahoo.com,919-385-1780x19035,05-06-2023,
89,Scott,Lopez,colleenlee@sheppard.com,700-050-5726x88546,19-07-2021,4
90,larry,Serrano,joseph24@hotmail.com,001-961-587-4039x23740,0000-00-00,1
91,Nathan,Greene,fullerchristine@hotmail.com,836-886-5375x2285,06-07-2025,4
92,Cassandra,Townsend,utorres@yahoo.com,(879)660-9870,13-03-2021,1
93,Claire,King,zcarpenter@gmail.com,893.475.0130,29-11-2024,3
94,Tyler,Price,william90@kim.org,360-020-3131x08548,16-02-2025,
95,Christopher,Kennedy,davisregina@yahoo.com,+1-314-296-2350x945,16-04-2023,
96,Michael,Jackson,rebeccamorris@pennington-blake.biz,001-356-219-4791,20-02-2022,3
97,marissa,Baker,brooke47@wong.org,INVALID,08-01-2023,3
98,Valerie,Hanna,sarahconrad@gmail.com,(852)093-6985x80066,21-03-2025,3
99,Albert,Williams,kimberlyroberts@roberts-haynes.info,989-702-8433,25-01-2023,1
100,Michelle,Rodriguez,wevans@turner.com,+1-577-113-2086x1682,26-06-2022,3
101,Madison,Dennis,,933-443-2913,14-12-2022,2
102,Paul,Sullivan,markmunoz@phillips.com,060-191-2641x82829,29-05-2025,4
103,Ryan,Bradley,sheltonjacqueline@hotmail.com,1336978517,28-07-2020,4
104,William,Hart,ngreen@mejia.com,7334807832,16-07-2020,2
105,Jesse,Farrell,mgaines@hotmail.com,+1-445-450-4235x087,08-04-2025,
106,Ronald,Butler,danielle68@gmail.com,858-500-2452x076,27-03-2025,4
107,Kyle,Chavez,lynnblair@gmail.com,001-291-019-8043x2361,08-11-2023,
108,Nathan,Melendez,,(110)226-7533x8790,10-10-2022,1
109,susan,Howe,jcastro@farley.org,+1-620-847-6840x251,16-05-2023,1
110,Richard, Wilkerson,adam94@hotmail.com,+1-151-945-2335x15539,28-07-2023,2
111,Brian,Jackson,jeremy96@burton-roberts.com,426-780-3447x583,24-09-2023,2
112,Taylor,Mendez,vhenderson@gmail.com,364.948.5325x51474,05-03-2023,1
113,Kevin,Myers,vvincent@lane.org,+1-351-339-9417x5456,08-04-2024,2
114, Nicole,Love,smithjanet@hotmail.com,381-206-0652,06-01-2022,
115,Teresa,Walker,woodjeffery@braun-castaneda.biz,+1-820-852-9514x25821,19-06-2023,
116,Jonathan,Baker,tblack@yahoo.com,-9601,15-02-2022,3
117,Michael,Torres,richcharles@knapp-padilla.biz,482-078-7192,21-07-2023,4
118,Anita,Thomas,welchstephanie@yahoo.com,057.839.3523x7192,10-04-2024,
119,David,Martin,vsmith@hotmail.com,366-184-0354x914,23-10-2023,1
120,Ashley,Welch,cathytran@yahoo.com,+1-988-980-2509x01027,04-03-2022,1
121,James,Campbell,michaelyates@hotmail.com,(649)319-9693x596,01-03-2023,
122,John,Mckee,pittsalejandro@gmail.com,(367)869-5645x7038,20-06-2022,2
123,John,Ross,christopherbass@yahoo.com,(006)415-2038x64754,16-05-2025,
124,Chloe,Byrd,iflowers@gmail.com,560-819-9352,27-10-2022,4
125,Melinda,Haynes,uphillips@warren-flores.com,(896)898-9919x76062,30-07-2021,
126,Ethan,Bennett,richard36@hotmail.com,607-193-7480x074,01-01-2025,1
127,Jennifer,Wells,nealerin@hotmail.com,158.390.2720x47130,26-06-2024,3
128,Matthew,White,lisa48@wallace.com,001-420-767-8720x8431,13-08-2021,3
129,Ronald,Martin,yparker@campbell.com,711.269.5040,26-11-2024,
130,Suzanne,Vaughn,claytoncaitlyn@gmail.com,7056502660,07-03-2023,1
131,Traci,Jensen,xanderson@yahoo.com,387.261.0420x64299,0000-00-00,1
132,Debra,Walsh,natashagarza@yahoo.com,246.585.2113x9998,22-02-2024,
133,heather,Castro,slindsey@downs.com,001-082-580-5578x7135,16-06-2023,
134,Sara,Lang,john97@smith-curtis.com,386.887.1589x18695,24-01-2024,2
135,Martin,Taylor,jodi76@lloyd.org,+1-133-590-6989x0437,09-07-2023,1
136,Jeff,Conway,madelinedaniel@lin.info,INVALID,21-05-2024,4
137,Kelly,May,samantha65@hotmail.com,INVALID,12-06-2022,4
138,Tina,Clarke,etaylor@yahoo.com,1041636432,19-11-2023,
139,Patrick,Spears,rmcconnell@yahoo.com,002-693-7693x5316,22-04-2025,1
140,christopher,Barrera,vjones@thompson-sweeney.com,+1-215-143-5136x39538,10-05-2025,3
141,Dustin,Lyons,jennifer54@hotmail.com,(418)138-5535x02764,20-11-2021,3
142,Noah, Dyer,,+1-218-565-6256x81872,18-08-2022,2
143,Shane,Butler,hbanks@webb.com,679.371.8609x3125,31-07-2022,
144,Sarah,Adams,,001-606-722-2238x832,22-05-2024,4
145,aaron,Guerrero,chad08@hotmail.com,(926)388-8069,05-12-2021,4
146, roy,Beck,hdonovan@yahoo.com,INVALID,15-08-2023,
147,Allison,Roberts,youngalexander@hotmail.com,618.181.5297x435,18-11-2022,2
148,Tracey,Campbell,michael87@gmail.com,001-471-707-0436,07-05-2023,2
149,Jacob,Whitney,mallen@luna.com,001-898-031-5242x350,10-10-2020,3
150,wendy,Fisher,suzanne47@yahoo.com,511-244-2046x192,23-01-2022,1
151,Devin,Fernandez,abrewer@gmail.com,387-358-0573,22-10-2023,3
152,Jeffrey,Baker,dhall@ramsey-moore.info,+1-671-948-4239x262,31-03-2024,
153,erica,Cain,hilllaura@yahoo.com,156-025-5359,23-09-2022,
154,John,Williams,jeansmith@shah.info,001-329-268-6220,18-07-2021,1
155,Daniel,Fisher,kylepayne@yahoo.com,574-407-1600,11-03-2025,4
156,Brandon,Choi,jeffery16@guzman-brown.com,8111811348,07-09-2024,1
157,Mario,Hale,courtneymiller@hotmail.com,105-183-8955x612,26-04-2025,3
158,Joseph,King,william44@hotmail.com,012-760-7960x85086,13-01-2025,2
159,Michael,Bradshaw,fieldsdonald@wagner.com,+1-077-131-4053x103,05-02-2021,2
160,Laura,Lynch,erinhamilton@callahan.biz,001-525-024-8392x5501,22-09-2021,4
161,Anna,Roberts,,278.007.2561,29-04-2021,1
162,Sherri,Smith,daniel55@yahoo.com,INVALID,26-06-2024,1
163,Taylor,Berry,gfreeman@hotmail.com,989-219-6860,14-08-2024,1
164,Xavier,Stanton,amber71@yahoo.com,(221)190-4575,23-01-2022,
165,Megan,Dougherty,phillip32@peters-gilbert.com,3838376515,01-05-2023,2
166,Robert,Rhodes,timothygarcia@rice.org,364.112.7814,22-11-2024,
167,Leslie,Robertson,gandrews@yahoo.com,001-252-739-6482,18-07-2020,1
168,Mitchell,Chavez,amber47@gmail.com,(430)239-0495x16161,19-07-2024,1
169,Sherri,Foley,riversnatasha@yahoo.com,864.584.3656,10-02-2021,2
170,Amber,Hunter,rosssarah@silva-soto.net,471-255-5748x6081,25-09-2024,
171,Eric,Baker,lauramonroe@mclean-myers.info,-2789,12-08-2021,2
172,Stephanie,Wiggins,cmanning@gmail.com,741-406-2736x9283,04-07-2024,
173,Theodore,Campbell,sloanapril@gmail.com,947.059.2540x0986,27-05-2023,4
174,Jennifer,Carrillo,zacharychoi@sparks.com,(629)732-7326x52078,07-09-2024,3
175,April,Lamb,loriyoung@sanchez.org,001-213-876-9041x5864,13-02-2023,2
176,William,Ramirez,davidsanchez@hotmail.com,472-908-2773x689,19-12-2022,3
177,Amber,Mack,dillonpaul@gmail.com,(315)333-4599,15-06-2024,3
178,Scott,Williams,mariefox@yahoo.com,INVALID,05-01-2024,1
179,Michael,Rivers,archerwilliam@oconnor-pollard.org,(897)802-9173,05-07-2021,2
180,Deborah,Singh,hickselizabeth@miller.net,035-523-5767x2268,28-04-2022,4
181,Anthony,West,pmurphy@garcia-hall.biz,(628)924-5269x315,09-03-2024,1
182,Austin,Ball,benjamin02@gmail.com,307-025-7599,04-08-2022,
183,Jennifer,Oliver,whitneygeorge@gmail.com,976-592-8424,0000-00-00,1
184,Tina,Parks,browntimothy@yahoo.com,001-576-015-4558x4414,28-10-2020,
185,Lisa,Gallagher,nwood@yahoo.com,INVALID,30-06-2024,3
186,Eric,Moyer,jessica97@lucas.com,2585156445,27-11-2024,
187,Brandon,Patterson,rgolden@buchanan-reynolds.com,105-926-3973x825,14-09-2021,1
188,Gary,Henry,alexis27@gmail.com,2294930202,14-02-2021,
189,cory,Gonzales,brandonkirby@moore.biz,+1-915-403-6889x9707,08-09-2024,1
190,Gabriel,Chen,adyer@hoffman-espinoza.com,(540)504-1390x5217,31-07-2023,1
191,Jamie,Davis,,001-247-278-6127x9753,24-08-2021,3
192,William,Smith,adamhenson@wright-torres.org,001-163-024-8585,23-12-2024,3
193,angel,Little,obarry@hotmail.com,212960947,23-11-2022,1
194,Donald,Luna,rodriguezkristin@hotmail.com,711-027-4302x53706,02-06-2024,2
195,Michael,Anderson,justinbrown@martinez.biz,001-460-934-9952,23-11-2021,3
196,Mary,Franklin,achapman@wolfe.net,(987)516-5128x1488,22-08-2024,2
197,Stacey,Garza,gregory54@gmail.com,+1-763-832-8546x18163,21-04-2021,4
198,Kelly,Stanley,lisahendricks@monroe.com,551-654-3436,20-08-2021,2
199,Samuel,Floyd,abrown@gmail.com,881.037.5954x34098,11-01-2023,4
200,Kyle,Pope,smitherin@hotmail.com,(752)833-9617,14-04-2022,1
201,Austin,Morris,morrismorgan@gmail.com,INVALID,05-08-2020,3
202,Christopher,Thompson,watkinsandrew@yahoo.com,001-938-138-3929x4138,19-06-2025,
203,Kristina,Anderson,smithwilliam@orozco.com,+1-777-926-1251x553,30-11-2021,4
204,Isabel,Smith,tbaldwin@gmail.com,327-767-3317x5884,19-07-2024,2
205,Brittany,Lawson,michellehebert@gmail.com,001-478-017-9674x63422,31-07-2020,4
206,Michael,Weaver,denniscooper@fischer.com,197-407-8645x44170,23-11-2023,4
207,jessica,Pierce,roger44@gmail.com,+1-645-773-4521x8274,18-11-2023,2
208,Karen,Barnes,jessicathompson@cabrera.biz,(162)359-2010x88538,22-08-2022,4
209,cassandra,Stanley,nguyenpaul@yahoo.com,(032)005-9111x135,02-02-2021,1
210,Adam,Aguilar,morgan78@sullivan.org,001-297-393-0527x55568,24-03-2023,2
211,Henry,Schneider,curtisthomas@ortiz-phillips.com,(044)476-6891,08-11-2022,3
212,David,Thompson,martinsherry@gmail.com,+1-204-269-4254x7565,01-11-2024,
213,Miguel,James,jeremysandoval@gmail.com,(444)629-0451x64026,11-01-2024,
214,john,Savage,julie41@hotmail.com,+1-323-054-9004x2512,05-11-2023,4
215,Martin,Barnett,amypena@yahoo.com,+1-209-152-7555x751,23-06-2025,
216,Tracey,Johnson,salinasamanda@hotmail.com,775-397-8650x53886,26-11-2023,2
217,Matthew,Oneill,holtnicole@gmail.com,8408851348,13-10-2024,2
218,Michael,Thomas,krobinson@sanders.biz,542.171.6260x96610,24-06-2024,3
219,Kimberly,Jones,robertdawson@yahoo.com,(992)054-9470x3597,01-02-2024,2
220,Heather,Johnson,tyrone91@fletcher-edwards.com,INVALID,28-08-2021,
221,Alan,Parker,vanessasims@buck.info,+1-739-952-9809x5416,0000-00-00,1
222,jeffrey,Morris,stevenssarah@gmail.com,438-165-8826x43464,0000-00-00,1
223,Natalie,Schneider,jessicasmith@gmail.com,124-438-4095,24-02-2022,3
224,Daniel,Brown,cummingsjessica@hotmail.com,(856)520-2652x03771,20-02-2022,
225,Emily,Bryant,taylor55@bird-lloyd.info,+1-052-998-9222x86392,11-12-2021,3
226,Kimberly,Webb,sanchezchristopher@guzman.info,833.605.3726x202,26-06-2025,4
227,Hayley,Byrd,benjaminreed@reed.info,INVALID,17-04-2022,1
228,Sydney,Lewis,caitlinmoore@nichols-freeman.com,(874)780-6720,29-06-2025,3
229,Jack,Wilson,christygonzales@macias-brown.com,7931892884,21-04-2021,3
230,William,Kirk,fordbryce@wall.info,828.761.5776x6167,15-03-2025,4
231,Sarah,Harrison,berryaaron@bush-roberts.biz,(837)832-2339x6260,07-01-2023,2
232,Stephen,Foley,laura04@becker.com,(377)047-8616x286,08-02-2024,1
233,Jason,Rodriguez,jerrysmith@baxter-hernandez.com,095.021.1499x52065,17-03-2021,3
234,wesley,David,christopher74@thornton.com,302-203-3849,08-12-2021,4
235,Karen,Mason,,001-648-028-4328x43145,19-07-2021,4
236,bethany,Martinez,tinatorres@gmail.com,5209198658,26-08-2021,2
237,Elizabeth,Little,jeffreyward@atkinson.biz,159.606.1203,30-07-2022,
238,Kelly,Bell,cheryl97@yahoo.com,289-938-4832,17-08-2020,4
239,Cody,Richardson,bellkyle@green.com,+1-646-042-2892x1260,05-11-2020,
240,alexander,Sanders,rebeccacarlson@hotmail.com,(517)488-9899x3383,12-10-2020,2
241,Kimberly,Hill,jared89@yahoo.com,001-639-949-5013x1275,23-05-2024,3
242,Matthew,Payne,christophermorgan@james.biz,INVALID,30-04-2021,3
243,don,Jones,dunnmatthew@yahoo.com,INVALID,29-05-2022,1
244,Stephen,Franklin,brianrhodes@coleman.info,766.350.6725,30-07-2020,1
245,Lisa,Murphy,,(793)360-1995x423,20-07-2020,4
246,Dennis,Jackson,jeffrey05@gmail.com,814-491-9411,08-10-2022,3
247,Johnny,York,khunt@hawkins.com,495-470-6827x340,25-09-2020,2
248,Laura,Pacheco,markturner@gonzales.info,INVALID,01-03-2025,4
249,Latasha,Harrison,brian31@hotmail.com,INVALID,0000-00-00,
250,Matthew,Horton,,(894)483-6326,07-10-2024,1
251,Roger,Carter,william22@meadows-henderson.biz,001-528-543-0102x4913,0000-00-00,2
252,Patty,Mitchell,matthewperez@hotmail.com,(788)861-2188,03-09-2023,
253,Mary,Zamora,nlewis@johnson.biz,(070)789-3555x87386,16-11-2020,2
254,Alan,Simpson,tlarsen@hotmail.com,515.749.7659,31-03-2024,4
255,caitlin,Williams,morrisonjulia@burch-jordan.biz,001-111-907-1339x156,01-03-2022,4
256,Jennifer,King,jennifergarcia@guerrero.com,001-170-284-4667x62202,0000-00-00,2
257,benjamin,Williams,martinezjay@hotmail.com,(158)188-6705x47566,02-12-2021,4
258,Jamie,Blackburn,brewergordon@huffman-gilmore.com,001-848-050-4111x947,22-07-2021,1
259,Randy,Smith,ewatts@brown.com,855.253.2532x6546,18-08-2022,2
260,Matthew,Jimenez,stephanie00@garrett.com,(233)541-2109x71348,24-08-2024,
261,lindsey,Stephens,pochoa@gmail.com,+1-567-278-5070x3959,20-05-2024,
262,jessica,Howard,charlesjohnson@gmail.com,001-171-174-8968,16-02-2022,4
263,Jennifer,Newton,guerreroashley@schmidt.com,(148)588-2820x5374,14-09-2024,4
264,Brittney,Mueller,florescarolyn@cherry.org,312.653.4164,17-02-2022,4
265,William,Turner,hawkinsalexandra@hotmail.com,(773)262-3761,07-03-2025,1
266,Vanessa,Figueroa,martinezgeorge@yahoo.com,716.130.0060,08-01-2021,3
267,david,Rosales,lisahoward@perez.com,001-536-753-2729x26954,0000-00-00,2
268,Michelle,Jones,esparzaeric@gmail.com,399.274.7433x32086,11-11-2024,3
269,Jason,Robinson,jlittle@yahoo.com,+1-356-794-4749x2811,12-08-2023,2
270,Patrick,Thompson,ulong@thompson.com,3362971370,22-02-2025,
271,Meredith,Randall,raymondowens@hotmail.com,8774994698,28-12-2021,1
272,Brandy,Thompson,,778-744-4596,20-03-2023,4
273,Gregory,Murphy,weaverjason@kelley.com,500-939-5865x0982,29-10-2020,3
274,John,Colon,sophia59@johnson.com,001-939-303-6786x55762,01-11-2022,3
275,Krystal,Lowery,rschmidt@hotmail.com,068-183-1675x6057,31-12-2021,1
276,Larry,Williams,maria59@gmail.com,-3892,13-01-2022,4
277,Kyle,Gray,myoung@gmail.com,+1-840-299-8531x961,04-12-2020,1
278,Randall,Johnson,david05@williams.com,406.717.7450x079,03-08-2020,1
279,Andrea,Barry,mary93@yahoo.com,502.365.5756,15-10-2022,1
280,Jennifer,Garza,,624-374-1595x1775,04-02-2025,
281,Douglas,Cooper,cynthiahart@hotmail.com,+1-829-153-7912x68599,18-03-2023,4
282,Richard,Watson,charles16@moreno.info,(997)173-8150x464,27-11-2022,3
283,Joseph,Noble,matthewtorres@yahoo.com,068.702.6055x811,01-10-2024,2
284,Wendy,Hardy,stevensscott@sawyer-anderson.com,9256929344,11-03-2023,3
285,jonathan,Williams,matthewhernandez@yahoo.com,(878)249-9466x651,11-04-2023,
286,Paula,Mckenzie,ernestbarnes@fisher-rocha.com,(843)646-2393x020,17-03-2024,3
287,John,Brown,tammyjackson@yahoo.com,-6422,10-06-2024,4
288,George,Nguyen,osbornricky@hotmail.com,527-542-6581x0801,11-01-2023,3
289,Jason,Little,donna30@hampton.com,8940528811,05-07-2024,1
290,Maria,Patrick,enunez@hotmail.com,-1191,14-07-2020,3
291,richard,Gamble,ssilva@garcia.com,(165)774-9958,0000-00-00,1
292,Jennifer,Jackson,egonzales@smith.org,(328)614-2097x042,24-05-2021,1
293,Samantha,Church,sara98@martinez.com,+1-189-950-6530x661,22-02-2023,2
294,stephanie,Drake,esimmons@gmail.com,+1-663-050-8997x9447,08-12-2022,
295,Catherine,Villarreal,blewis@yahoo.com,(406)218-2145x90075,0000-00-00,
296,Victor,Miller,youngmadison@wilson.org,(045)836-4203x4964,0000-00-00,1
297,Brandon,Hawkins,owensbrandi@gmail.com,2821024784,17-06-2023,2
298,Nancy,Roberts,bcopeland@yahoo.com,785-267-0080,25-04-2023,4
299,Joy,Mcguire,jessica29@yahoo.com,+1-286-199-7812x6727,19-07-2024,2
300,Sara,Chaney,rodney88@robles-thomas.com,481.719.1971x06163,30-04-2025,1
301,Allison,Smith,leslie09@gmail.com,+1-482-456-6717x77532,10-09-2024,3
302,Walter,Diaz,michellemacdonald@martin.com,(687)574-5400x353,18-12-2021,2
303,Paul,Johnson,angela62@hernandez.com,056-268-6773,02-08-2021,4
304,William,Green,nstewart@bell-sanchez.com,(337)968-9435,18-06-2021,4
305,Brian,Shelton,williamslinda@gmail.com,(381)043-4005x30724,13-05-2023,2
306,Michael,Norton,rachael99@hotmail.com,(601)814-4709,04-06-2025,4
307,Frank,Tanner,ortegaryan@thomas.com,(098)020-6766x52248,08-09-2021,2
308,Robert,Jimenez,bgomez@gmail.com,001-942-126-2588,26-07-2024,
309,William,Solis,rachelgonzalez@yahoo.com,001-391-479-4175x3472,07-02-2023,1
310,Benjamin,Perez,stoutkatherine@yahoo.com,387.267.9306x528,17-11-2022,3
311,caitlin,Nicholson,theresafinley@yahoo.com,001-383-078-0198,21-05-2024,3
312,kimberly,Campbell,mooregregory@gmail.com,314.504.3051,24-04-2022,3
313,Patricia,Hensley,,(085)520-7932x09124,03-07-2022,4
314,Melissa,Gomez,alexanderday@gmail.com,777.564.1636x3553,10-04-2023,1
315,Olivia,Keith,rodriguezbrian@powell.com,+1-588-564-2054x140,01-02-2021,
316,Kristine,Perry,tracy57@gmail.com,(430)073-4504,08-07-2024,
317,Luis,Stafford,wdavis@yahoo.com,135.057.0932,03-10-2023,2
318,ann,Lang,tristan96@gmail.com,(380)315-5505x84001,27-11-2024,
319,Susan,Peters,lowepatricia@hotmail.com,(163)780-7601,26-10-2024,3
320,Peter,Gonzalez,sullivanedward@hotmail.com,001-102-578-6443,14-07-2020,2
321,John,Smith,michael95@yahoo.com,(263)319-2540x04407,22-08-2021,1
322,Alan,Miller,richlee@yahoo.com,001-089-673-3617,19-11-2020,
323,Heather,Combs,mromero@peters-shields.biz,001-067-935-3985x7909,01-02-2022,4
324,Michael,Thompson,santosmichele@hotmail.com,-10125,21-06-2025,
325,darryl,Lucas,nicolenelson@gmail.com,(108)825-7922,07-12-2023,1
326,William,Ray,,338.589.6543x7732,04-01-2021,4
327,Taylor,Cortez,,707-838-0793x35038,24-06-2021,4
328,Kevin,Ortiz,jnichols@gmail.com,INVALID,28-12-2024,4
329,Donna,Myers,seanrowe@yahoo.com,160-939-8642,27-07-2022,3
330,Megan,Hutchinson,haroldjackson@zuniga.com,251-474-7468,30-05-2021,
331,Joshua,Davis,rmassey@harris.com,(214)175-8542x62917,03-09-2023,1
332,brooke,Ashley,alicehiggins@conway.info,831-727-2013x3045,11-09-2022,
333,Lorraine,Baker,davisleonard@russo-clark.com,728-967-6094x11379,12-08-2021,2
334,Zachary,White,carolynrodriguez@gmail.com,005.086.9140x6778,26-10-2020,2
335,Ronald,Campbell,shelleymorales@gmail.com,610.120.5856,31-12-2023,
336,Joseph,Hoover,ekhan@hotmail.com,144.996.6748,25-12-2020,
337,Nicholas,Morales,kathleendavis@yahoo.com,224.320.4313x15041,28-08-2024,3
338,Barbara,Peters,rgalvan@hurst.info,694778702,04-01-2025,
339,Martha,Cervantes,dawnboyd@brown-brown.com,061-637-1258x629,12-08-2021,
340,Jeremy,Hernandez,bowersmaureen@yahoo.com,308.640.6265,03-05-2023,4
341,Taylor,Boyd,erinperez@brown.com,-10503,10-01-2023,3
342,Melody,Mejia,vli@yahoo.com,001-024-735-3202,13-06-2024,3
343,Eric,Hickman,monicamurphy@yahoo.com,115.234.5707,24-05-2025,3
344,Claire,Walker,vmckay@yahoo.com,+1-134-195-8581x60371,30-08-2024,1
345,Mandy,White,brian27@williams-smith.info,001-048-846-1855,05-05-2021,2
346,Cameron,Chen,edgarjones@owens.biz,-10644,29-09-2020,3
347,Stephanie,Cohen,jamesdorsey@franklin-johnston.com,+1-235-193-6476x5435,02-04-2023,
348,Robert,King,nhouse@manning.info,065.574.6222x7294,03-04-2021,4
349,Mikayla,Calderon,whitakermary@yahoo.com,+1-909-208-0440x395,26-01-2021,2
350,Daniel,Smith,yadams@yahoo.com,186.653.8478x3331,30-05-2023,4
351,Jasmine,Lawson,kimrachel@gmail.com,207.761.5826x59407,28-03-2022,1
352,Amber,Green,jparks@yahoo.com,895-484-7467x2014,13-01-2025,4
353,Jonathan,Patton,cwood@chavez.com,001-421-909-9926,11-01-2022,3
354,Margaret,Jones,smithclaire@jordan-lee.info,001-555-038-3314x365,27-01-2021,2
355,john,Peterson,garyjones@ellison.org,001-170-814-3125,11-10-2022,1
356,Jo,Walker,garciajackson@hotmail.com,+1-462-362-2223x2846,27-09-2022,4
357,Adam,Mitchell,zgallagher@taylor.com,838-211-2446x67271,30-04-2022,
358,Annette,Meyer,johnsonmartin@yahoo.com,001-140-773-8752x29472,25-04-2023,
359,Tracy,Bennett,,044-877-3040x32455,20-06-2025,1
360,Angela,Gutierrez,sandrajohnson@hotmail.com,INVALID,13-09-2020,1
361,Kevin,Ford,doylebrandon@mullen-perez.com,685.050.3232x734,0000-00-00,4
362,Kyle,Gill,morrisnathan@yahoo.com,-3176,30-10-2022,3
363,Benjamin,Parker,grantjoshua@hotmail.com,INVALID,16-05-2022,1
364,Katherine,Hatfield,tonystephens@gmail.com,(355)294-6926x03749,02-06-2024,2
365,Jessica,Brown,dgreer@crawford.com,961.256.3935x5755,29-07-2023,3
366,Kayla,Jones,omccormick@smith.com,(108)084-2785x5402,26-01-2023,2
367,Kenneth,Phillips,jeffreymorales@evans.com,6512528648,13-09-2020,
368,Maria,Brown,ebartlett@pena-chen.net,(310)688-7351x33075,11-12-2021,
369,Shelley,Ortiz,jesse74@bond.info,(158)879-8619x4199,09-06-2023,
370,Kimberly,Vasquez,jay30@yahoo.com,(370)059-6003x091,10-10-2020,1
371,holly,Larson,makaylalittle@moore-jenkins.com,001-602-520-5002x849,06-08-2024,
372,Cynthia,Mcfarland,richard20@washington.biz,001-609-968-2238x063,16-07-2022,4
373,Kayla,Brown,jason38@gmail.com,+1-747-082-9240x49008,21-08-2021,2
374,Shelby,Wilson,robinsonharold@stafford-flynn.org,524.061.8097,25-07-2020,
375,Jeffrey,Simpson,josephjones@martinez-jacobs.net,(043)887-3069,15-03-2022,4
376,Charles,Barker,jharrell@lane.com,001-736-292-1990,25-06-2022,4
377,Kristen,Schultz,gpatton@jordan.net,788-826-8934x2706,01-12-2020,3
378,lisa,Peterson,stephaniemullen@mathis.com,887.123.0289x5070,09-11-2020,
379,Frank,Sanders,nancymoore@tucker-harris.com,001-452-137-5686x41221,10-02-2025,2
380,Margaret,Wheeler,,239-258-3029x475,17-02-2021,2
381,James,Mendez,deborahmartinez@gmail.com,(022)377-6723,25-07-2024,2
382,Roberta,Hill,james11@davis.org,(570)804-8471x8805,17-05-2021,4
383,Karen,Taylor,woodsjoseph@brown.org,+1-435-967-7679x49472,26-03-2021,3
384,julie,Anderson,abates@hotmail.com,(796)662-6891,09-11-2024,4
385,Christine,Perry,kaitlynwilliams@gmail.com,(504)958-6786x39460,22-07-2024,4
386,michelle,Whitney,johnsonashley@yahoo.com,+1-863-701-8116x6760,28-04-2023,1
387,Maureen,Martinez,davidsonjermaine@carter.net,695.754.3556x49865,13-06-2022,3
388,Stephen,Wiggins,zhall@hotmail.com,001-047-689-2488x3230,08-10-2023,1
389,Courtney,Dillon,gmorris@hill-turner.org,357-867-0595x113,28-07-2021,2
390,Christopher,Austin,gvega@yahoo.com,000-074-2743x4141,0000-00-00,1
391,Steven,Brown,qrogers@hotmail.com,284-290-2934x4961,04-10-2021,
392,Nicholas,Scott,larry61@yahoo.com,(224)641-3992x36784,13-08-2021,1
393,Julie,Willis,dmoore@yahoo.com,(640)027-8350x2720,07-04-2023,
394,Brianna,Olson,,-5264,14-10-2021,1
395,Debra,Mosley,valenzueladonald@flores.com,969-478-5361x6999,07-10-2023,3
396,Maria,Dean,matthewcontreras@yahoo.com,001-740-922-4669x0295,16-12-2020,2
397,Aimee,Cunningham,walterdonald@rivas.com,796-115-6668x8218,29-01-2022,
398,Ruth,Gentry,christophermartin@guerrero-vargas.com,407.345.2321,12-01-2024,4
399,Ashley,Lamb,bmcgrath@roach.com,001-003-397-9519,19-06-2022,1
400,Kaylee,Lucas,johnmoore@yahoo.com,+1-803-246-8272x30062,18-04-2024,2
401,Amy,Cook,mariabarry@guerra-taylor.biz,501.748.1892x7454,03-05-2021,
402,Sharon,Griffin,gregorygraham@hotmail.com,(087)778-0338x619,07-12-2023,2
403,Christine,Wood,shannon89@mcfarland.com,(882)663-3629,29-03-2024,4
404,Richard,Foster,morrisstacy@gmail.com,447-386-5001,16-07-2024,2
405,Holly,Brown,matthew53@anderson-jackson.info,+1-916-946-8394x67919,11-04-2025,3
406,James,Durham,melindahoward@yahoo.com,(882)534-9174,27-01-2022,3
407,Patricia,Garcia,phill@gmail.com,-9632,13-10-2021,2
408,Jeff,Long,justin86@mcgee-spencer.com,+1-631-537-3441x5332,09-03-2021,1
409,Jonathan,Williams,kaylasalas@yahoo.com,INVALID,16-09-2022,3
410,alyssa,Kelly,belindamurphy@hotmail.com,(927)012-3373,21-07-2021,1
411,Sabrina,Williams,thomasdustin@hotmail.com,001-679-897-0742x74322,08-11-2020,2
412,Amber,Ward,jessicacampbell@hotmail.com,INVALID,12-11-2023,2
413,Jonathan,Sims,connieingram@cobb.com,038-186-1590,02-01-2023,1
414,Christina,Miller,jonesaimee@gmail.com,+1-597-089-3354x7168,05-07-2021,
415,Nancy,Beltran,ajohnson@harper.info,001-005-505-5219x4530,02-12-2022,1
416,Lisa,Gray,gibsonmegan@yahoo.com,(569)753-0291x013,10-01-2022,3
417,Robert,Carter,carl59@brown-jones.com,(139)357-0251x386,15-05-2022,4
418,Nancy,Benitez,xlee@hotmail.com,+1-545-366-1222x70818,06-07-2023,4
419,Wesley,Morales,mitchelldavid@hotmail.com,023-919-6351x63018,11-05-2024,2
420,Stephanie,Douglas,mitchellguerrero@davis.biz,(341)515-0883x547,03-12-2023,1
421,Jesse,Jones,karlacrawford@yahoo.com,(262)128-8490,19-08-2023,3
422,Vincent,Nunez,xelliott@turner-alvarez.net,9278487781,03-01-2021,3
423,Robin,Bowman,jeffrey07@yahoo.com,(311)761-4248,25-07-2020,1
424,Chase,Michael,cjones@gmail.com,026.480.1774x25025,31-10-2023,1
425,Austin,Gutierrez,molly65@knight-novak.com,001-405-434-2048x99546,16-11-2023,1
426,amanda,Cooper,watsontimothy@yahoo.com,001-429-409-6073x792,27-06-2023,4
427,Ashley,Bates,bryanreid@wagner.net,001-751-910-9568x74604,22-07-2023,
428,Nicole,Hanson,salasrebecca@yahoo.com,(533)238-4390x4815,16-07-2024,3
429,Danielle,Knapp,isabel80@moreno.com,+1-316-991-9734x40142,16-10-2020,1
430,Andrew,Dennis,ellenmeza@lopez.com,907-256-9718x2331,19-10-2022,
431,Andrea,Franco,angelicaclark@burns-santos.com,7121099669,29-05-2022,2
432,Heather,Caldwell,khoffman@gmail.com,(383)009-3211,21-07-2021,2
433,Robert,Scott,coxdaniel@hotmail.com,797.874.8857x810,26-11-2024,3
434,Hannah,Rich,uherrera@andersen.info,086-982-7483x6852,16-11-2021,3
435,steven,Scott,george99@gmail.com,849-068-4501x4758,27-05-2025,2
436,david,Lewis,hayley78@hotmail.com,807.522.4381,03-08-2020,
437,Marissa,Serrano,joseph66@copeland.com,543-216-6158x05629,05-07-2024,1
438,Joseph,Morgan,doyledawn@hotmail.com,INVALID,20-07-2023,1
439,Daniel,James,kaitlyn61@yahoo.com,774.076.1629x717,30-12-2022,
440,Lori,Davis,whammond@bailey.org,(498)805-6104,14-06-2025,4
441,Kimberly,Brown,jamesholly@gmail.com,831-095-3079,23-04-2025,
442,Jennifer,Myers,blee@cunningham-lewis.info,(823)298-1372,07-12-2023,3
443,Mark,Howard,,938-438-7986x022,04-04-2022,1
444,peter,Young,matthewelliott@smith.com,INVALID,26-06-2021,2
445,Clifford,Greene,georgemills@gmail.com,913.247.7233x77497,06-02-2021,2
446,Holly,Hickman,fbates@castillo-boyd.com,3289735312,04-04-2022,3
447,Mark,Howell,margaret85@lester-harvey.com,899-113-4945,13-07-2020,
448,Janet,Evans,cwilliams@yahoo.com,(891)106-6505x5615,06-07-2022,4
449,Nathan,Abbott,howard74@mcneil.org,001-622-988-0294x8751,05-06-2021,1
450,Monica,Morgan,sarah67@roy.info,5650455611,24-12-2024,
451,Audrey,French,youngnoah@anderson.com,688.813.9486x0437,28-01-2021,
452,Amy,Jackson,middletonjennifer@gmail.com,(080)629-7697,05-03-2022,4
453,Rachel,Reyes,michelle68@hotmail.com,+1-587-920-2813x983,24-04-2025,2
454,Sean,Miller,annamccormick@hotmail.com,INVALID,27-10-2023,4
455,Teresa,Green,wtaylor@flores.info,-9860,03-08-2023,3
456,Danny,Kent,sjackson@reynolds.com,001-015-127-8774,13-05-2022,
457,Tyrone,Meyer,michaelflores@yahoo.com,+1-352-827-4563x07013,13-06-2022,4
458,Robert,Fletcher,kjenkins@yahoo.com,-4563,16-03-2023,2
459,Scott,Ward,jeffcastro@pennington.com,604-160-2478,30-03-2022,2
460,Jillian,Johnson,gwalker@nguyen.biz,+1-311-358-4103x8675,09-07-2025,2
461,Erik,Reid,smitchell@stewart.net,-11177,01-01-2021,3
462,William,Watson,,001-329-893-1549,07-08-2021,1
463,Melanie,Stevens,codydavis@yahoo.com,001-284-663-7693x763,02-08-2024,4
464,Katie,Whitney,landerson@hotmail.com,001-013-731-6937x3592,29-05-2024,3
465,Shirley,Carney,thomasking@price.com,343.554.2844,25-02-2022,2
466,David,Turner,wcastro@hotmail.com,001-657-880-6462x68595,15-02-2022,2
467,Brandi,Martinez,denisebarry@miles.com,001-312-223-5832,03-10-2024,3
468,Joy,Yoder,sanchezchelsea@hotmail.com,001-219-182-6861x9786,31-10-2024,1
469,Joseph,Zuniga,mklein@yahoo.com,778.007.6047x0239,25-02-2022,3
470,Melissa,Villegas,joseph14@hill.com,(925)975-2706,28-02-2024,2
471,Rebekah,Peterson,websteramber@gonzalez.com,7548909308,23-08-2023,2
472,Timothy,Davies,newmanmatthew@hudson.biz,001-140-648-5979,10-10-2020,4
473,Wendy,Blackwell,jamie28@hotmail.com,INVALID,16-03-2022,1
474,Eric,Moody,ruizapril@yahoo.com,002.175.9031,16-12-2024,1
475,paul,Lawson,fmartin@bishop.com,001-883-830-8254x6166,14-10-2021,
476,Nathan,Buchanan,curtiseduardo@yahoo.com,907899154,18-03-2024,
477,mary,Taylor,nolanlarry@hernandez.com,4711063879,23-03-2024,1
478,Martin,Hudson,ryan28@flores.com,695.645.3612x5377,16-11-2021,1
479,Brian,Martinez,amanda12@yahoo.com,864.364.1923x21919,13-03-2025,2
480,Teresa,Glover,lauralewis@hotmail.com,126.073.5053,19-06-2023,3
481,Samuel,Miller,morganjillian@smith.com,INVALID,28-05-2023,4
482,Henry,Lozano,bryan33@yahoo.com,-5256,10-07-2023,
483,Christina,Cook,timothy75@gmail.com,448.404.8375,25-06-2023,4
484,Kenneth,Allison,vhall@gmail.com,7626853943,27-10-2023,1
485,Jane,King,jonesmelissa@yahoo.com,001-246-072-2265x280,29-08-2022,4
486,Gerald,Potter,ballen@mendoza.com,942.274.8455x4524,22-04-2022,2
487,Tanya,Long,dkrueger@alexander.info,001-114-284-6369x275,25-08-2024,1
488,Keith,Thompson,parrishnathan@harrison.com,(081)842-2953x9013,13-12-2020,4
489,Kathryn,Blackwell,cathy40@gmail.com,970.211.5377,18-04-2024,1
490,Virginia,Martinez,wandasalazar@gmail.com,9920014575,20-04-2022,2
491,kristy,Ramirez,patriciahunter@yahoo.com,001-745-089-1093x47883,08-04-2023,
492,Danielle,Reid,joncaldwell@walker.info,906-077-6672x022,18-02-2024,4
493,Nicholas,Holmes,csullivan@johnson-nelson.com,(746)287-4950x013,16-05-2021,4
494,Eugene,Rangel,,(425)477-2262x642,30-05-2022,2
495,robert,Hahn,daniel06@hotmail.com,(186)027-0362x5089,17-11-2020,1
496,Jennifer,Holmes,brandon16@mcbride-schroeder.biz,824.544.0642x462,10-11-2024,2
497,Christian,Collins,diana13@yahoo.com,428-164-6604x23655,27-07-2022,1
498,linda,Owens,rogerserin@hotmail.com,001-387-672-6887x02000,21-06-2021,1
499,Bill,Reynolds,greenrachael@nelson.com,6717613845,15-06-2023,
500,Debra,Barrera,kimberly69@hotmail.com,642.651.6744x939,28-07-2023,3
